CIDADE,REGIÃO
Araranguá,Sul
Armazém,Sul
Balneário Arroio do Silva,Sul
Balneário Gaivota,Sul
Balneário Rincão,Sul
Braço do Norte,Sul
Capivari de Baixo,Sul
Cocal do Sul,Sul
Criciúma,Sul
Ermo,Sul
Forquilhinha,Sul
Garopaba,Sul
Grão Pará,Sul
Gravatal,Sul
Içara,Sul
Imaruí,Sul
Imbituba,Sul
Jacinto Machado,Sul
Jaguaruna,Sul
Laguna,Sul
Lauro Müller,Sul
Maracajá,Sul
Meleiro,Sul
Morro da Fumaça,Sul
Morro Grande,Sul
Nova Veneza,Sul
Orleans,Sul
Passo de Torres,Sul
Pedras Grandes,Sul
Pescaria Brava,Sul
Praia Grande,Sul
Rio Fortuna,Sul
Sangão,Sul
Santa Rosa de Lima,Sul
Santa Rosa do Sul,Sul
São João do Sul,Sul
São Ludgero,Sul
São Martinho,Sul
Siderópolis,Sul
Sombrio,Sul
Timbé do Sul,Sul
Treviso,Sul
Treze de Maio,Sul
Tubarão,Sul
Turvo,Sul
Urussanga,Sul
Águas Mornas,Grande Florianópolis
Alfredo Wagner,Grande Florianópolis
Angelina,Grande Florianópolis
Anitápolis,Grande Florianópolis
Antônio Carlos,Grande Florianópolis
Biguaçu,Grande Florianópolis
Canelinha,Grande Florianópolis
Florianópolis,Grande Florianópolis
Governador Celso Ramos,Grande Florianópolis
Leoberto Leal,Grande Florianópolis
Major Gercino,Grande Florianópolis
Nova Trento,Grande Florianópolis
Palhoça,Grande Florianópolis
Paulo Lopes,Grande Florianópolis
Rancho Queimado,Grande Florianópolis
Santo Amaro da Imperatriz,Grande Florianópolis
São Bonifácio,Grande Florianópolis
São João Batista,Grande Florianópolis
São José,Grande Florianópolis
São Pedro de Alcântara,Grande Florianópolis
Tijucas,Grande Florianópolis
Araquari,Região Norte
Balneário Barra do Sul,Região Norte
Bela Vista do Toldo,Planalto Norte
Campo Alegre,Planalto Norte
Canoinhas,Planalto Norte
Corupá,Região Norte
Garuva,Região Norte
Guaramirim,Região Norte
Irineópolis,Planalto Norte
Itaiópolis,Planalto Norte
Itapoá,Região Norte
Jaraguá do Sul,Região Norte
Joinville,Região Norte
Mafra,Planalto Norte
Major Vieira,Planalto Norte
Massaranduba,Região Norte
Monte Castelo,Planalto Norte
Papanduva,Planalto Norte
Porto União,Planalto Norte
Rio Negrinho,Planalto Norte
Santa Terezinha,Região Norte
São Bento do Sul,Planalto Norte
São Francisco do Sul,Região Norte
Schroeder,Região Norte
Timbó Grande,Planalto Norte
Três Barras,Planalto Norte
Abelardo Luz,Oeste
Água Doce,Meio Oeste
Águas de Chapecó,Oeste
Águas Frias,Oeste
Alto Bela Vista,Oeste
Anchieta,Oeste
Arabutã,Oeste
Arroio Trinta,Meio Oeste
Arvoredo,Oeste
Bandeirante,Oeste
Barra Bonita,Oeste
Belmonte,Oeste
Bom Jesus,Oeste
Bom Jesus do Oeste,Oeste
Caçador,Meio Oeste
Caibi,Oeste
Calmon,Planalto Norte
Campo Erê,Oeste
Capinzal,Meio Oeste
Catanduvas,Meio Oeste
Caxambu do Sul,Oeste
Chapecó,Oeste
Concórdia,Oeste
Cordilheira Alta,Oeste
Coronel Freitas,Oeste
Coronel Martins,Oeste
Cunha Porã,Oeste
Cunhataí,Oeste
Descanso,Oeste
Dionísio Cerqueira,Oeste
Entre Rios,Oeste
Erval Velho,Meio Oeste
Faxinal dos Guedes,Oeste
Flor do Sertão,Oeste
Formosa do Sul,Oeste
Fraiburgo,Meio Oeste
Galvão,Oeste
Guaraciaba,Oeste
Guarujá do Sul,Oeste
Guatambu,Oeste
Herval d'Oeste,Meio Oeste
Ibiam,Meio Oeste
Ibicaré,Meio Oeste
Iomerê,Meio Oeste
Ipira,Oeste
Iporã do Oeste,Oeste
Ipuaçu,Oeste
Ipumirim,Oeste
Iraceminha,Oeste
Irani,Oeste
Irati,Oeste
Itá,Oeste
Itapiranga,Oeste
Jaborá,Oeste
Jardinópolis,Oeste
Joaçaba,Meio Oeste
Jupiá,Oeste
Lacerdópolis,Meio Oeste
Lajeado Grande,Oeste
Lebon Régis,Meio Oeste
Lindóia do Sul,Oeste
Luzerna,Meio Oeste
Macieira,Meio Oeste
Maravilha,Oeste
Marema,Oeste
Matos Costa,Planalto Norte
Modelo,Oeste
Mondaí,Oeste
Nova Erechim,Oeste
Nova Itaberaba,Oeste
Novo Horizonte,Oeste
Ouro,Meio Oeste
Ouro Verde,Oeste
Paial,Oeste
Palma Sola,Oeste
Palmitos,Oeste
Paraíso,Oeste
Passos Maia,Oeste
Peritiba,Oeste
Pinhalzinho,Oeste
Pinheiro Preto,Meio Oeste
Piratuba,Meio Oeste
Planalto Alegre,Oeste
Ponte Serrada,Oeste
Presidente Castello Branco,Oeste
Princesa,Oeste
Quilombo,Oeste
Rio das Antas,Meio Oeste
Riqueza,Oeste
Romelândia,Oeste
Saltinho,Oeste
Salto Veloso,Meio Oeste
Santa Helena,Oeste
Santa Terezinha do Progresso,Oeste
Santiago do Sul,Oeste
São Bernardino,Oeste
São Carlos,Oeste
São Domingos,Oeste
São João do Oeste,Oeste
São José do Cedro,Oeste
São Lourenço do Oeste,Oeste
São Miguel da Boa Vista,Oeste
São Miguel do Oeste,Oeste
Saudades,Oeste
Seara,Oeste
Serra Alta,Oeste
Sul Brasil,Oeste
Tangará,Meio Oeste
Tigrinhos,Oeste
Treze Tílias,Meio Oeste
Tunápolis,Oeste
União do Oeste,Oeste
Vargeão,Oeste
Vargem Bonita,Oeste
Videira,Meio Oeste
Xanxerê,Oeste
Xavantina,Oeste
Xaxim,Oeste
Abdon Batista,Meio Oeste
Anita Garibaldi,Serra
Bocaina do Sul,Serra
Bom Jardim da Serra,Serra
Bom Retiro,Serra
Brunópolis,Meio Oeste
Campo Belo do Sul,Serra
Campos Novos,Meio Oeste
Capão Alto,Serra
Celso Ramos,Meio Oeste
Cerro Negro,Serra
Correia Pinto,Serra
Curitibanos,Meio Oeste
Frei Rogério,Meio Oeste
Lages,Serra
Monte Carlo,Meio Oeste
Otacílio Costa,Serra
Painel,Serra
Palmeira,Serra
Ponte Alta,Serra
Ponte Alta do Norte,Meio Oeste
Rio Rufino,Serra
Santa Cecília,Planalto Norte
São Cristóvão do Sul,Meio Oeste
São Joaquim,Serra
São José do Cerrito,Serra
Urubici,Serra
Urupema,Serra
Vargem,Meio Oeste
Zortéa,Meio Oeste
Agrolândia,Vale do Itajaí
Agronômica,Vale do Itajaí
Apiúna,Vale do Itajaí
Ascurra,Vale do Itajaí
Atalanta,Vale do Itajaí
Aurora,Vale do Itajaí
Balneário Camboriú,Vale do Itajaí
Balneário Piçarras,Vale do Itajaí
Barra Velha,Vale do Itajaí
Benedito Novo,Vale do Itajaí
Blumenau,Vale do Itajaí
Bombinhas,Vale do Itajaí
Botuverá,Vale do Itajaí
Braço do Trombudo,Vale do Itajaí
Brusque,Vale do Itajaí
Camboriú,Vale do Itajaí
Chapadão do Lageado,Vale do Itajaí
Dona Emma,Vale do Itajaí
Doutor Pedrinho,Vale do Itajaí
Gaspar,Vale do Itajaí
Guabiruba,Vale do Itajaí
Ibirama,Vale do Itajaí
Ilhota,Vale do Itajaí
Imbuia,Vale do Itajaí
Indaial,Vale do Itajaí
Itajaí,Vale do Itajaí
Itapema,Vale do Itajaí
Ituporanga,Vale do Itajaí
José Boiteux,Vale do Itajaí
Laurentino,Vale do Itajaí
Lontras,Vale do Itajaí
Luiz Alves,Vale do Itajaí
Mirim Doce,Vale do Itajaí
Navegantes,Vale do Itajaí
Penha,Vale do Itajaí
Petrolândia,Vale do Itajaí
Pomerode,Vale do Itajaí
Porto Belo,Vale do Itajaí
Pouso Redondo,Vale do Itajaí
Presidente Getúlio,Vale do Itajaí
Presidente Nereu,Vale do Itajaí
Rio do Campo,Vale do Itajaí
Rio do Oeste,Vale do Itajaí
Rio do Sul,Vale do Itajaí
Rio dos Cedros,Vale do Itajaí
Rodeio,Vale do Itajaí
Salete,Vale do Itajaí
São João do Itaperiú,Vale do Itajaí
Taió,Vale do Itajaí
Timbó,Vale do Itajaí
Trombudo Central,Vale do Itajaí
Vidal Ramos,Vale do Itajaí
Vitor Meireles,Vale do Itajaí
Witmarsum,Vale do Itajaí